{"cameraMode":{"drawMode":0,"name":"Shaded","section":"Shading Mode"},"sceneLighting":true,"audioPlay":false,"sceneViewState":{"showFog":true,"showMaterialUpdate":true,"showSkybox":true,"showFlares":true,"showImageEffects":true,"showParticleSystems":true},"in2DMode":false,"pivot":{"x":1.1079643964767457,"y":-1.8893275260925294,"z":-4.520188331604004},"rotation":{"x":-0.13516046106815339,"y":-0.13243769109249116,"z":0.01823076419532299,"w":-0.9817712903022766},"size":10.641668319702149,"orthographic":false}