{"cameraMode":{"drawMode":0,"name":"Shaded","section":"Shading Mode"},"sceneLighting":true,"audioPlay":false,"sceneViewState":{"showFog":true,"showMaterialUpdate":true,"showSkybox":true,"showFlares":true,"showImageEffects":true,"showParticleSystems":true},"in2DMode":false,"pivot":{"x":-0.2374943643808365,"y":0.7150192260742188,"z":0.6627152562141419},"rotation":{"x":-0.46851131319999697,"y":0.2032504379749298,"z":-0.11166355758905411,"w":-0.8524974584579468},"size":3.630479335784912,"orthographic":false}