{"cameraMode":{"drawMode":0,"name":"Shaded","section":"Shading Mode"},"sceneLighting":true,"audioPlay":false,"sceneViewState":{"showFog":true,"showMaterialUpdate":true,"showSkybox":true,"showFlares":true,"showImageEffects":true,"showParticleSystems":true},"in2DMode":false,"pivot":{"x":-2.5141866207122804,"y":0.48282212018966677,"z":1.0178273916244507},"rotation":{"x":-0.3421589136123657,"y":0.07600884884595871,"z":-0.027777699753642083,"w":-0.9361582398414612},"size":5.481500148773193,"orthographic":false}