{"cameraMode":{"drawMode":0,"name":"Shaded","section":"Shading Mode"},"sceneLighting":true,"audioPlay":false,"sceneViewState":{"showFog":true,"showMaterialUpdate":true,"showSkybox":true,"showFlares":true,"showImageEffects":true,"showParticleSystems":true},"in2DMode":false,"pivot":{"x":-0.15738338232040406,"y":9.92548942565918,"z":0.23355652391910554},"rotation":{"x":0.1861983984708786,"y":-0.7481125593185425,"z":0.23536737263202668,"w":0.5918331742286682},"size":4.657884120941162,"orthographic":false}