{"cameraMode":{"drawMode":0,"name":"Shaded","section":"Shading Mode"},"sceneLighting":true,"audioPlay":false,"sceneViewState":{"showFog":true,"showMaterialUpdate":false,"showSkybox":true,"showFlares":true,"showImageEffects":true,"showParticleSystems":true},"in2DMode":false,"pivot":{"x":1821.845703125,"y":590.179931640625,"z":-733.0361328125},"rotation":{"x":-0.03960072621703148,"y":0.959290087223053,"z":-0.21987053751945496,"w":-0.17277741432189942},"size":2443.77099609375,"orthographic":false}