{"cameraMode":{"drawMode":0,"name":"Shaded","section":"Shading Mode"},"sceneLighting":true,"audioPlay":false,"sceneViewState":{"showFog":true,"showMaterialUpdate":true,"showSkybox":true,"showFlares":true,"showImageEffects":true,"showParticleSystems":true},"in2DMode":false,"pivot":{"x":1071.3043212890625,"y":-79.61138916015625,"z":-67.162109375},"rotation":{"x":-0.05366160720586777,"y":-0.01048954576253891,"z":-0.0005637173308059573,"w":0.9985039234161377},"size":1234.517822265625,"orthographic":false}