{"cameraMode":{"drawMode":0,"name":"Shaded","section":"Shading Mode"},"sceneLighting":true,"audioPlay":false,"sceneViewState":{"showFog":true,"showMaterialUpdate":true,"showSkybox":true,"showFlares":true,"showImageEffects":true,"showParticleSystems":true},"in2DMode":false,"pivot":{"x":1002.394775390625,"y":-9.600021362304688,"z":0.0},"rotation":{"x":0.04317636042833328,"y":0.005407609511166811,"z":0.00023228084319271147,"w":-0.999057412147522},"size":667.8445434570313,"orthographic":false}