{"cameraMode":{"drawMode":0,"name":"Shaded","section":"Shading Mode"},"sceneLighting":true,"audioPlay":false,"sceneViewState":{"showFog":true,"showMaterialUpdate":false,"showSkybox":true,"showFlares":true,"showImageEffects":true,"showParticleSystems":true},"in2DMode":false,"pivot":{"x":113.56302642822266,"y":159.4165802001953,"z":-16.146282196044923},"rotation":{"x":0.28565680980682375,"y":-0.027011504396796228,"z":0.008051839657127858,"w":0.9579203128814697},"size":1403.23779296875,"orthographic":false}