{"cameraMode":{"drawMode":0,"name":"Shaded","section":"Shading Mode"},"sceneLighting":true,"audioPlay":false,"sceneViewState":{"showFog":true,"showMaterialUpdate":true,"showSkybox":true,"showFlares":true,"showImageEffects":true,"showParticleSystems":true},"in2DMode":false,"pivot":{"x":0.45741963386535647,"y":0.16485631465911866,"z":0.06991970539093018},"rotation":{"x":-0.26210862398147585,"y":0.007573551032692194,"z":-0.0019981791265308859,"w":-0.9650266170501709},"size":2.8578836917877199,"orthographic":false}