{"cameraMode":{"drawMode":0,"name":"Shaded","section":"Shading Mode"},"sceneLighting":true,"audioPlay":false,"sceneViewState":{"showFog":true,"showMaterialUpdate":false,"showSkybox":true,"showFlares":true,"showImageEffects":true,"showParticleSystems":true},"in2DMode":false,"pivot":{"x":2.124171257019043,"y":2.536923885345459,"z":1.0816526412963868},"rotation":{"x":0.2859155833721161,"y":-0.21607431769371034,"z":0.06634215265512467,"w":0.9312160611152649},"size":11.79593563079834,"orthographic":false}