{"cameraMode":{"drawMode":0,"name":"Shaded","section":"Shading Mode"},"sceneLighting":true,"audioPlay":false,"sceneViewState":{"showFog":true,"showMaterialUpdate":true,"showSkybox":true,"showFlares":true,"showImageEffects":true,"showParticleSystems":true},"in2DMode":false,"pivot":{"x":-0.137523353099823,"y":-0.15382874011993409,"z":-0.05924235284328461},"rotation":{"x":-0.07173402607440949,"y":-0.7036519050598145,"z":0.07185932993888855,"w":-0.7032814621925354},"size":5.215510845184326,"orthographic":false}