{"cameraMode":{"drawMode":0,"name":"Shaded","section":"Shading Mode"},"sceneLighting":true,"audioPlay":false,"sceneViewState":{"showFog":true,"showMaterialUpdate":true,"showSkybox":true,"showFlares":true,"showImageEffects":true,"showParticleSystems":true},"in2DMode":false,"pivot":{"x":940.9371948242188,"y":491.7374572753906,"z":-2.2065651416778566},"rotation":{"x":0.002908325055614114,"y":-0.8913776278495789,"z":-0.005579376593232155,"w":-0.4532679617404938},"size":2.5578839778900148,"orthographic":false}