{"cameraMode":{"drawMode":0,"name":"Shaded","section":"Shading Mode"},"sceneLighting":true,"audioPlay":false,"sceneViewState":{"showFog":true,"showMaterialUpdate":true,"showSkybox":true,"showFlares":true,"showImageEffects":true,"showParticleSystems":true},"in2DMode":false,"pivot":{"x":32.87187957763672,"y":-0.7973750829696655,"z":7.08281946182251},"rotation":{"x":-0.2799752354621887,"y":0.3435361683368683,"z":-0.10808427631855011,"w":-0.8899040222167969},"size":27.48714828491211,"orthographic":false}