{"cameraMode":{"drawMode":0,"name":"Shaded","section":"Shading Mode"},"sceneLighting":true,"audioPlay":false,"sceneViewState":{"showFog":true,"showMaterialUpdate":true,"showSkybox":true,"showFlares":true,"showImageEffects":true,"showParticleSystems":true},"in2DMode":false,"pivot":{"x":-0.6867165565490723,"y":9.895992279052735,"z":0.08583033829927445},"rotation":{"x":0.0009735155617818236,"y":-0.9958690404891968,"z":0.09018216282129288,"w":0.01074706856161356},"size":4.957884311676025,"orthographic":false}