{"cameraMode":{"drawMode":0,"name":"Shaded","section":"Shading Mode"},"sceneLighting":true,"audioPlay":false,"sceneViewState":{"showFog":true,"showMaterialUpdate":false,"showSkybox":true,"showFlares":true,"showImageEffects":true,"showParticleSystems":true},"in2DMode":false,"pivot":{"x":-0.8507162928581238,"y":-0.18748164176940919,"z":0.9063484072685242},"rotation":{"x":0.20495270192623139,"y":-0.7198446393013,"z":0.2383972406387329,"w":0.6188600659370422},"size":22.585552215576173,"orthographic":false}