{"cameraMode":{"drawMode":0,"name":"Shaded","section":"Shading Mode"},"sceneLighting":true,"audioPlay":false,"sceneViewState":{"showFog":true,"showMaterialUpdate":true,"showSkybox":true,"showFlares":true,"showImageEffects":true,"showParticleSystems":true},"in2DMode":false,"pivot":{"x":0.4587712287902832,"y":-6.467447280883789,"z":18.81409454345703},"rotation":{"x":-0.4031676650047302,"y":-0.045300450176000598,"z":0.01998564414680004,"w":-0.913801372051239},"size":22.0,"orthographic":false}