{"cameraMode":{"drawMode":0,"name":"Shaded","section":"Shading Mode"},"sceneLighting":true,"audioPlay":false,"sceneViewState":{"showFog":true,"showMaterialUpdate":true,"showSkybox":true,"showFlares":true,"showImageEffects":true,"showParticleSystems":true},"in2DMode":false,"pivot":{"x":0.4700002670288086,"y":-3.820000171661377,"z":0.0},"rotation":{"x":0.2259521335363388,"y":-0.12352732568979263,"z":0.028898000717163087,"w":0.9658434987068176},"size":30.106653213500978,"orthographic":false}