{"cameraMode":{"drawMode":0,"name":"Shaded","section":"Shading Mode"},"sceneLighting":true,"audioPlay":false,"sceneViewState":{"showFog":true,"showMaterialUpdate":true,"showSkybox":true,"showFlares":true,"showImageEffects":true,"showParticleSystems":true},"in2DMode":false,"pivot":{"x":-0.29071858525276186,"y":-0.38286659121513369,"z":-0.47073933482170107},"rotation":{"x":-0.042806077748537067,"y":0.2883824408054352,"z":-0.012856782414019108,"w":-0.9564895629882813},"size":32.13153076171875,"orthographic":false}