{"cameraMode":{"drawMode":0,"name":"Shaded","section":"Shading Mode"},"sceneLighting":true,"audioPlay":false,"sceneViewState":{"showFog":true,"showMaterialUpdate":true,"showSkybox":true,"showFlares":true,"showImageEffects":true,"showParticleSystems":true},"in2DMode":false,"pivot":{"x":0.48125791549682619,"y":-0.23634281754493714,"z":0.12419358640909195},"rotation":{"x":-0.04526368901133537,"y":0.0368669331073761,"z":-0.0016731106443330646,"w":-0.9983002543449402},"size":10.793743133544922,"orthographic":false}