{"cameraMode":{"drawMode":0,"name":"Shaded","section":"Shading Mode"},"sceneLighting":true,"audioPlay":false,"sceneViewState":{"showFog":true,"showMaterialUpdate":true,"showSkybox":true,"showFlares":true,"showImageEffects":true,"showParticleSystems":true},"in2DMode":false,"pivot":{"x":941.0863037109375,"y":491.684814453125,"z":-2.1380043029785158},"rotation":{"x":-0.05667279660701752,"y":-0.014340735040605069,"z":0.0008813316817395389,"w":-0.9983119368553162},"size":757.4733276367188,"orthographic":false}