{"cameraMode":{"drawMode":0,"name":"Shaded","section":"Shading Mode"},"sceneLighting":true,"audioPlay":false,"sceneViewState":{"showFog":true,"showMaterialUpdate":true,"showSkybox":true,"showFlares":true,"showImageEffects":true,"showParticleSystems":true},"in2DMode":false,"pivot":{"x":10.8900146484375,"y":6.0061516761779789,"z":15.384527206420899},"rotation":{"x":-0.3003164231777191,"y":0.06322511285543442,"z":-0.019903074949979783,"w":-0.9515531659126282},"size":12.840972900390625,"orthographic":false}