{"cameraMode":{"drawMode":0,"name":"Shaded","section":"Shading Mode"},"sceneLighting":true,"audioPlay":false,"sceneViewState":{"showFog":true,"showMaterialUpdate":true,"showSkybox":true,"showFlares":true,"showImageEffects":true,"showParticleSystems":true},"in2DMode":false,"pivot":{"x":14.108196258544922,"y":11.2592134475708,"z":8.820022583007813},"rotation":{"x":-0.24926361441612245,"y":0.201904758810997,"z":-0.053166989237070087,"w":-0.9456804990768433},"size":8.268657684326172,"orthographic":false}