{"cameraMode":{"drawMode":0,"name":"Shaded","section":"Shading Mode"},"sceneLighting":true,"audioPlay":false,"sceneViewState":{"showFog":true,"showMaterialUpdate":true,"showSkybox":true,"showFlares":true,"showImageEffects":true,"showParticleSystems":true},"in2DMode":false,"pivot":{"x":-0.7145034670829773,"y":0.41295352578163149,"z":-1.6868813037872315},"rotation":{"x":0.017718981951475145,"y":-0.9502565860748291,"z":0.30618008971214297,"w":0.05474461615085602},"size":10.456260681152344,"orthographic":false}