{"cameraMode":{"drawMode":0,"name":"Shaded","section":"Shading Mode"},"sceneLighting":true,"audioPlay":false,"sceneViewState":{"showFog":true,"showMaterialUpdate":true,"showSkybox":true,"showFlares":true,"showImageEffects":true,"showParticleSystems":true},"in2DMode":false,"pivot":{"x":993.1397705078125,"y":551.57080078125,"z":25.605422973632814},"rotation":{"x":-0.007101007737219334,"y":-0.5739814639091492,"z":0.0050416733138263229,"w":-0.818851888179779},"size":105.40005493164063,"orthographic":false}